Particulars,Mar 2015,Mar 2016,Mar 2017,Mar 2018,Mar 2019,Mar 2020,Mar 2021,Mar 2022,Mar 2023,Mar 2024,Mar 2025,Mar 2026
Equity Capital,2943.0,2948.0,2959.0,5922.0,5926.0,6339.0,6445.0,6765.0,6766.0,6766.0,13532.0,13532.0
Reserves,215556.0,228608.0,260750.0,287584.0,381186.0,442827.0,693727.0,772720.0,709106.0,786715.0,829668.0,890498.0
Borrowings +,168251.0,194714.0,217475.0,239843.0,307714.0,355133.0,278962.0,319158.0,451664.0,350719.0,374313.0,402962.0
Other Liabilities +,117736.0,172727.0,225618.0,277924.0,302804.0,358716.0,340931.0,399979.0,438346.0,610848.0,732200.0,870554.0
Total Liabilities,504486.0,598997.0,706802.0,811273.0,997630.0,1163015.0,1320065.0,1498622.0,1605882.0,1755048.0,1949713.0,2177546.0
Fixed Assets +,156458.0,184910.0,198526.0,403885.0,398374.0,532658.0,541258.0,627798.0,724805.0,779985.0,999393.0,1124795.0
CWIP,166462.0,228697.0,324837.0,187022.0,179463.0,109106.0,125953.0,172506.0,293752.0,338855.0,262358.0,237686.0
Investments,76451.0,84015.0,82899.0,82862.0,235635.0,276767.0,364828.0,394264.0,235560.0,225672.0,242381.0,248332.0
Other Assets +,105115.0,101375.0,100540.0,137504.0,184158.0,244484.0,288026.0,304054.0,351765.0,410536.0,445581.0,566733.0
Total Assets,504486.0,598997.0,706802.0,811273.0,997630.0,1163015.0,1320065.0,1498622.0,1605882.0,1755048.0,1949713.0,2177546.0
