Particulars,Jun 2023,Sep 2023,Dec 2023,Mar 2024,Jun 2024,Sep 2024,Dec 2024,Mar 2025,Jun 2025,Sep 2025,Dec 2025,Mar 2026,Jun 2026
Sales +,207559.0,231886.0,225086.0,236533.0,231784.0,231535.0,239986.0,261388.0,243632.0,254623.0,264905.0,294059.0,309468.0
Expenses +,169466.0,190918.0,184430.0,194017.0,193019.0,192477.0,196197.0,217556.0,200727.0,208738.0,218887.0,249918.0,261951.0
Operating Profit,38093.0,40968.0,40656.0,42516.0,38765.0,39058.0,43789.0,43832.0,42905.0,45885.0,46018.0,44141.0,47517.0
OPM %,18.0,18.0,18.0,18.0,17.0,17.0,18.0,17.0,18.0,18.0,17.0,15.0,15.0
Other Income +,3813.0,3841.0,3869.0,4534.0,3983.0,4876.0,4214.0,4905.0,15119.0,4482.0,4914.0,4447.0,6550.0
Interest,5837.0,5731.0,5789.0,5761.0,5918.0,6017.0,6179.0,6155.0,7036.0,6827.0,6613.0,6585.0,8337.0
Depreciation,11775.0,12585.0,12903.0,13569.0,13596.0,12880.0,13181.0,13479.0,13842.0,14416.0,14622.0,14808.0,15100.0
Profit before tax,24294.0,26493.0,25833.0,27720.0,23234.0,25037.0,28643.0,29103.0,37146.0,29124.0,29697.0,27195.0,30630.0
Tax %,25.0,25.0,25.0,24.0,25.0,24.0,24.0,23.0,17.0,24.0,25.0,24.0,25.0
Net Profit +,18258.0,19878.0,19641.0,21243.0,17445.0,19323.0,21930.0,22611.0,30783.0,22092.0,22290.0,20589.0,23196.0
EPS in Rs,11.83,12.85,12.76,14.01,11.19,12.24,13.7,14.34,19.95,13.42,13.78,12.54,15.48
Raw PDF,,,,,,,,,,,,,
